{"person_gender": {"female": -0.0016238741017432865, "male": 0.0013194503816025317, "Associate": 0.008993957459351252, "Bachelor": -0.0180897222804685, "Doctorate": -0.02254699237623977, "High School": -0.005739185751962044, "Master": 0.031589439352516596, "MORTGAGE": 0.7830450677161411, "OTHER": -0.5799967535807964, "OWN": 1.2582651403590674, "RENT": -0.5141063787348594, "DEBTCONSOLIDATION": -0.41996772677333166, "EDUCATION": 0.3365046183340913, "HOMEIMPROVEMENT": -0.2269194567932315, "MEDICAL": -0.2922114982148989, "PERSONAL": 0.1218267461195975, "VENTURE": 0.5235187331475889}, "person_education": {"female": -0.0016238741017432865, "male": 0.0013194503816025317, "Associate": 0.008993957459351252, "Bachelor": -0.0180897222804685, "Doctorate": -0.02254699237623977, "High School": -0.005739185751962044, "Master": 0.031589439352516596, "MORTGAGE": 0.7830450677161411, "OTHER": -0.5799967535807964, "OWN": 1.2582651403590674, "RENT": -0.5141063787348594, "DEBTCONSOLIDATION": -0.41996772677333166, "EDUCATION": 0.3365046183340913, "HOMEIMPROVEMENT": -0.2269194567932315, "MEDICAL": -0.2922114982148989, "PERSONAL": 0.1218267461195975, "VENTURE": 0.5235187331475889}, "person_home_ownership": {"female": -0.0016238741017432865, "male": 0.0013194503816025317, "Associate": 0.008993957459351252, "Bachelor": -0.0180897222804685, "Doctorate": -0.02254699237623977, "High School": -0.005739185751962044, "Master": 0.031589439352516596, "MORTGAGE": 0.7830450677161411, "OTHER": -0.5799967535807964, "OWN": 1.2582651403590674, "RENT": -0.5141063787348594, "DEBTCONSOLIDATION": -0.41996772677333166, "EDUCATION": 0.3365046183340913, "HOMEIMPROVEMENT": -0.2269194567932315, "MEDICAL": -0.2922114982148989, "PERSONAL": 0.1218267461195975, "VENTURE": 0.5235187331475889}, "loan_intent": {"female": -0.0016238741017432865, "male": 0.0013194503816025317, "Associate": 0.008993957459351252, "Bachelor": -0.0180897222804685, "Doctorate": -0.02254699237623977, "High School": -0.005739185751962044, "Master": 0.031589439352516596, "MORTGAGE": 0.7830450677161411, "OTHER": -0.5799967535807964, "OWN": 1.2582651403590674, "RENT": -0.5141063787348594, "DEBTCONSOLIDATION": -0.41996772677333166, "EDUCATION": 0.3365046183340913, "HOMEIMPROVEMENT": -0.2269194567932315, "MEDICAL": -0.2922114982148989, "PERSONAL": 0.1218267461195975, "VENTURE": 0.5235187331475889}}